,Id,Bound
0,0,1
1,1,1
2,2,1
3,3,1
4,4,0
5,5,0
6,6,1
7,7,1
8,8,1
9,9,1
10,10,0
11,11,1
12,12,0
13,13,1
14,14,0
15,15,0
16,16,0
17,17,1
18,18,1
19,19,1
20,20,1
21,21,1
22,22,1
23,23,0
24,24,1
25,25,0
26,26,1
27,27,0
28,28,1
29,29,0
30,30,1
31,31,0
32,32,1
33,33,0
34,34,0
35,35,1
36,36,1
37,37,0
38,38,1
39,39,0
40,40,1
41,41,0
42,42,0
43,43,0
44,44,1
45,45,0
46,46,1
47,47,1
48,48,0
49,49,0
50,50,0
51,51,0
52,52,0
53,53,1
54,54,1
55,55,1
56,56,0
57,57,1
58,58,1
59,59,0
60,60,1
61,61,1
62,62,1
63,63,0
64,64,0
65,65,1
66,66,1
67,67,0
68,68,1
69,69,1
70,70,0
71,71,0
72,72,1
73,73,1
74,74,0
75,75,1
76,76,0
77,77,1
78,78,1
79,79,1
80,80,0
81,81,0
82,82,1
83,83,0
84,84,1
85,85,0
86,86,1
87,87,1
88,88,0
89,89,0
90,90,1
91,91,1
92,92,1
93,93,0
94,94,1
95,95,1
96,96,1
97,97,1
98,98,0
99,99,1
100,100,1
101,101,1
102,102,0
103,103,0
104,104,0
105,105,0
106,106,0
107,107,0
108,108,0
109,109,0
110,110,0
111,111,1
112,112,1
113,113,0
114,114,1
115,115,1
116,116,1
117,117,0
118,118,0
119,119,1
120,120,1
121,121,1
122,122,0
123,123,0
124,124,0
125,125,1
126,126,1
127,127,1
128,128,0
129,129,1
130,130,0
131,131,1
132,132,1
133,133,0
134,134,0
135,135,1
136,136,1
137,137,0
138,138,1
139,139,0
140,140,1
141,141,0
142,142,0
143,143,1
144,144,1
145,145,1
146,146,1
147,147,0
148,148,0
149,149,1
150,150,1
151,151,0
152,152,0
153,153,0
154,154,1
155,155,0
156,156,0
157,157,1
158,158,0
159,159,0
160,160,0
161,161,1
162,162,1
163,163,1
164,164,1
165,165,0
166,166,1
167,167,1
168,168,1
169,169,1
170,170,1
171,171,1
172,172,1
173,173,1
174,174,1
175,175,1
176,176,0
177,177,0
178,178,1
179,179,1
180,180,1
181,181,0
182,182,0
183,183,0
184,184,1
185,185,1
186,186,1
187,187,0
188,188,0
189,189,0
190,190,0
191,191,0
192,192,0
193,193,0
194,194,0
195,195,1
196,196,1
197,197,1
198,198,1
199,199,0
200,200,1
201,201,0
202,202,0
203,203,1
204,204,0
205,205,1
206,206,0
207,207,1
208,208,0
209,209,1
210,210,0
211,211,0
212,212,1
213,213,0
214,214,1
215,215,1
216,216,1
217,217,1
218,218,1
219,219,0
220,220,1
221,221,0
222,222,1
223,223,1
224,224,0
225,225,1
226,226,1
227,227,0
228,228,0
229,229,1
230,230,0
231,231,0
232,232,0
233,233,1
234,234,1
235,235,1
236,236,1
237,237,0
238,238,0
239,239,1
240,240,1
241,241,1
242,242,1
243,243,1
244,244,0
245,245,0
246,246,0
247,247,0
248,248,1
249,249,1
250,250,1
251,251,1
252,252,1
253,253,1
254,254,1
255,255,1
256,256,1
257,257,1
258,258,1
259,259,1
260,260,0
261,261,1
262,262,1
263,263,1
264,264,0
265,265,0
266,266,0
267,267,0
268,268,0
269,269,0
270,270,0
271,271,0
272,272,1
273,273,0
274,274,1
275,275,1
276,276,1
277,277,1
278,278,0
279,279,1
280,280,1
281,281,0
282,282,1
283,283,1
284,284,1
285,285,1
286,286,0
287,287,1
288,288,1
289,289,1
290,290,0
291,291,0
292,292,1
293,293,1
294,294,0
295,295,1
296,296,0
297,297,0
298,298,1
299,299,0
300,300,0
301,301,0
302,302,0
303,303,1
304,304,0
305,305,1
306,306,0
307,307,1
308,308,0
309,309,1
310,310,1
311,311,0
312,312,1
313,313,0
314,314,0
315,315,1
316,316,0
317,317,0
318,318,1
319,319,1
320,320,1
321,321,1
322,322,0
323,323,1
324,324,1
325,325,0
326,326,1
327,327,0
328,328,0
329,329,0
330,330,0
331,331,1
332,332,1
333,333,1
334,334,0
335,335,0
336,336,1
337,337,1
338,338,0
339,339,0
340,340,1
341,341,0
342,342,0
343,343,1
344,344,1
345,345,1
346,346,0
347,347,0
348,348,0
349,349,1
350,350,0
351,351,1
352,352,1
353,353,1
354,354,1
355,355,1
356,356,1
357,357,0
358,358,1
359,359,0
360,360,0
361,361,1
362,362,1
363,363,0
364,364,0
365,365,1
366,366,0
367,367,0
368,368,1
369,369,0
370,370,1
371,371,1
372,372,0
373,373,1
374,374,1
375,375,1
376,376,0
377,377,0
378,378,0
379,379,0
380,380,1
381,381,0
382,382,0
383,383,0
384,384,0
385,385,1
386,386,1
387,387,0
388,388,0
389,389,0
390,390,1
391,391,0
392,392,1
393,393,1
394,394,1
395,395,0
396,396,0
397,397,1
398,398,1
399,399,1
400,400,0
401,401,1
402,402,0
403,403,1
404,404,0
405,405,0
406,406,0
407,407,1
408,408,1
409,409,0
410,410,1
411,411,1
412,412,0
413,413,1
414,414,1
415,415,0
416,416,0
417,417,1
418,418,0
419,419,0
420,420,1
421,421,1
422,422,0
423,423,1
424,424,0
425,425,0
426,426,1
427,427,1
428,428,1
429,429,1
430,430,0
431,431,1
432,432,0
433,433,1
434,434,0
435,435,1
436,436,0
437,437,1
438,438,1
439,439,0
440,440,1
441,441,0
442,442,1
443,443,1
444,444,1
445,445,0
446,446,1
447,447,1
448,448,1
449,449,1
450,450,0
451,451,0
452,452,0
453,453,0
454,454,1
455,455,1
456,456,1
457,457,1
458,458,1
459,459,0
460,460,0
461,461,1
462,462,1
463,463,0
464,464,1
465,465,1
466,466,1
467,467,0
468,468,0
469,469,0
470,470,1
471,471,1
472,472,0
473,473,0
474,474,1
475,475,1
476,476,1
477,477,1
478,478,0
479,479,1
480,480,1
481,481,1
482,482,0
483,483,0
484,484,1
485,485,0
486,486,0
487,487,1
488,488,0
489,489,1
490,490,0
491,491,1
492,492,0
493,493,0
494,494,1
495,495,0
496,496,1
497,497,0
498,498,0
499,499,1
500,500,1
501,501,1
502,502,1
503,503,0
504,504,1
505,505,1
506,506,0
507,507,1
508,508,1
509,509,1
510,510,1
511,511,1
512,512,1
513,513,0
514,514,1
515,515,1
516,516,0
517,517,1
518,518,1
519,519,1
520,520,1
521,521,0
522,522,1
523,523,0
524,524,0
525,525,0
526,526,1
527,527,1
528,528,0
529,529,0
530,530,1
531,531,0
532,532,0
533,533,1
534,534,1
535,535,1
536,536,1
537,537,1
538,538,0
539,539,1
540,540,0
541,541,1
542,542,0
543,543,1
544,544,1
545,545,1
546,546,1
547,547,1
548,548,1
549,549,0
550,550,1
551,551,0
552,552,1
553,553,1
554,554,1
555,555,1
556,556,0
557,557,0
558,558,1
559,559,0
560,560,0
561,561,1
562,562,0
563,563,0
564,564,1
565,565,1
566,566,1
567,567,0
568,568,1
569,569,0
570,570,0
571,571,1
572,572,0
573,573,0
574,574,1
575,575,0
576,576,1
577,577,1
578,578,0
579,579,1
580,580,0
581,581,0
582,582,0
583,583,1
584,584,1
585,585,1
586,586,0
587,587,1
588,588,0
589,589,0
590,590,0
591,591,1
592,592,1
593,593,0
594,594,0
595,595,1
596,596,0
597,597,0
598,598,1
599,599,0
600,600,1
601,601,0
602,602,1
603,603,1
604,604,1
605,605,1
606,606,1
607,607,1
608,608,0
609,609,0
610,610,0
611,611,1
612,612,1
613,613,1
614,614,1
615,615,0
616,616,1
617,617,1
618,618,0
619,619,1
620,620,0
621,621,0
622,622,1
623,623,0
624,624,1
625,625,1
626,626,1
627,627,1
628,628,1
629,629,0
630,630,0
631,631,1
632,632,1
633,633,0
634,634,1
635,635,1
636,636,1
637,637,1
638,638,0
639,639,1
640,640,0
641,641,1
642,642,0
643,643,0
644,644,1
645,645,1
646,646,1
647,647,0
648,648,0
649,649,1
650,650,0
651,651,1
652,652,1
653,653,0
654,654,1
655,655,1
656,656,1
657,657,1
658,658,1
659,659,1
660,660,0
661,661,1
662,662,1
663,663,1
664,664,1
665,665,1
666,666,1
667,667,1
668,668,1
669,669,1
670,670,0
671,671,0
672,672,0
673,673,1
674,674,1
675,675,1
676,676,0
677,677,0
678,678,1
679,679,0
680,680,0
681,681,1
682,682,1
683,683,0
684,684,1
685,685,0
686,686,0
687,687,0
688,688,0
689,689,1
690,690,1
691,691,1
692,692,1
693,693,1
694,694,0
695,695,1
696,696,0
697,697,1
698,698,1
699,699,1
700,700,1
701,701,1
702,702,0
703,703,1
704,704,1
705,705,0
706,706,0
707,707,0
708,708,1
709,709,0
710,710,1
711,711,0
712,712,1
713,713,1
714,714,1
715,715,1
716,716,1
717,717,1
718,718,1
719,719,0
720,720,0
721,721,1
722,722,1
723,723,0
724,724,0
725,725,1
726,726,1
727,727,0
728,728,1
729,729,1
730,730,1
731,731,1
732,732,0
733,733,1
734,734,0
735,735,1
736,736,0
737,737,0
738,738,1
739,739,1
740,740,1
741,741,0
742,742,0
743,743,0
744,744,1
745,745,1
746,746,1
747,747,1
748,748,1
749,749,0
750,750,1
751,751,0
752,752,1
753,753,1
754,754,0
755,755,0
756,756,1
757,757,0
758,758,1
759,759,1
760,760,1
761,761,0
762,762,1
763,763,0
764,764,0
765,765,1
766,766,0
767,767,1
768,768,1
769,769,0
770,770,1
771,771,0
772,772,1
773,773,0
774,774,1
775,775,1
776,776,0
777,777,1
778,778,1
779,779,0
780,780,0
781,781,1
782,782,0
783,783,1
784,784,1
785,785,0
786,786,1
787,787,0
788,788,1
789,789,1
790,790,1
791,791,0
792,792,0
793,793,0
794,794,0
795,795,0
796,796,0
797,797,0
798,798,1
799,799,1
800,800,1
801,801,1
802,802,0
803,803,1
804,804,0
805,805,0
806,806,0
807,807,0
808,808,1
809,809,1
810,810,0
811,811,0
812,812,1
813,813,0
814,814,0
815,815,0
816,816,1
817,817,1
818,818,1
819,819,1
820,820,0
821,821,1
822,822,0
823,823,0
824,824,1
825,825,1
826,826,0
827,827,1
828,828,0
829,829,0
830,830,1
831,831,1
832,832,0
833,833,0
834,834,1
835,835,0
836,836,0
837,837,0
838,838,0
839,839,1
840,840,0
841,841,1
842,842,0
843,843,1
844,844,1
845,845,0
846,846,0
847,847,0
848,848,0
849,849,0
850,850,0
851,851,0
852,852,0
853,853,1
854,854,1
855,855,1
856,856,1
857,857,0
858,858,0
859,859,1
860,860,1
861,861,1
862,862,0
863,863,1
864,864,0
865,865,0
866,866,0
867,867,0
868,868,1
869,869,1
870,870,0
871,871,0
872,872,0
873,873,1
874,874,0
875,875,1
876,876,0
877,877,1
878,878,1
879,879,1
880,880,0
881,881,0
882,882,1
883,883,1
884,884,1
885,885,1
886,886,1
887,887,1
888,888,0
889,889,1
890,890,1
891,891,0
892,892,1
893,893,1
894,894,1
895,895,0
896,896,1
897,897,1
898,898,1
899,899,1
900,900,0
901,901,0
902,902,1
903,903,1
904,904,1
905,905,1
906,906,1
907,907,0
908,908,0
909,909,0
910,910,0
911,911,1
912,912,1
913,913,1
914,914,1
915,915,0
916,916,0
917,917,1
918,918,0
919,919,1
920,920,1
921,921,1
922,922,1
923,923,0
924,924,0
925,925,1
926,926,0
927,927,0
928,928,0
929,929,0
930,930,1
931,931,0
932,932,1
933,933,0
934,934,1
935,935,1
936,936,1
937,937,0
938,938,1
939,939,0
940,940,1
941,941,1
942,942,1
943,943,0
944,944,1
945,945,0
946,946,1
947,947,1
948,948,1
949,949,0
950,950,1
951,951,1
952,952,1
953,953,1
954,954,1
955,955,0
956,956,0
957,957,1
958,958,0
959,959,0
960,960,1
961,961,1
962,962,1
963,963,1
964,964,0
965,965,1
966,966,0
967,967,1
968,968,0
969,969,1
970,970,1
971,971,1
972,972,1
973,973,0
974,974,0
975,975,0
976,976,0
977,977,0
978,978,1
979,979,1
980,980,0
981,981,0
982,982,1
983,983,1
984,984,0
985,985,0
986,986,0
987,987,1
988,988,1
989,989,0
990,990,1
991,991,0
992,992,0
993,993,0
994,994,1
995,995,1
996,996,1
997,997,1
998,998,1
999,999,0
1000,1000,0
1001,1001,1
1002,1002,1
1003,1003,0
1004,1004,1
1005,1005,1
1006,1006,0
1007,1007,0
1008,1008,1
1009,1009,0
1010,1010,1
1011,1011,0
1012,1012,0
1013,1013,1
1014,1014,1
1015,1015,0
1016,1016,1
1017,1017,0
1018,1018,1
1019,1019,1
1020,1020,0
1021,1021,1
1022,1022,1
1023,1023,1
1024,1024,1
1025,1025,0
1026,1026,1
1027,1027,1
1028,1028,1
1029,1029,1
1030,1030,1
1031,1031,0
1032,1032,1
1033,1033,1
1034,1034,1
1035,1035,1
1036,1036,1
1037,1037,1
1038,1038,0
1039,1039,0
1040,1040,1
1041,1041,1
1042,1042,1
1043,1043,0
1044,1044,0
1045,1045,1
1046,1046,0
1047,1047,1
1048,1048,1
1049,1049,0
1050,1050,1
1051,1051,1
1052,1052,1
1053,1053,0
1054,1054,1
1055,1055,1
1056,1056,0
1057,1057,1
1058,1058,0
1059,1059,0
1060,1060,0
1061,1061,0
1062,1062,0
1063,1063,0
1064,1064,1
1065,1065,0
1066,1066,1
1067,1067,1
1068,1068,0
1069,1069,0
1070,1070,1
1071,1071,0
1072,1072,0
1073,1073,1
1074,1074,0
1075,1075,0
1076,1076,1
1077,1077,0
1078,1078,0
1079,1079,0
1080,1080,1
1081,1081,0
1082,1082,1
1083,1083,1
1084,1084,0
1085,1085,1
1086,1086,1
1087,1087,1
1088,1088,0
1089,1089,0
1090,1090,1
1091,1091,1
1092,1092,0
1093,1093,1
1094,1094,0
1095,1095,0
1096,1096,1
1097,1097,1
1098,1098,1
1099,1099,1
1100,1100,1
1101,1101,1
1102,1102,1
1103,1103,0
1104,1104,0
1105,1105,1
1106,1106,0
1107,1107,1
1108,1108,1
1109,1109,1
1110,1110,1
1111,1111,1
1112,1112,0
1113,1113,1
1114,1114,0
1115,1115,0
1116,1116,1
1117,1117,1
1118,1118,0
1119,1119,0
1120,1120,1
1121,1121,0
1122,1122,0
1123,1123,0
1124,1124,0
1125,1125,0
1126,1126,1
1127,1127,0
1128,1128,1
1129,1129,0
1130,1130,0
1131,1131,1
1132,1132,1
1133,1133,1
1134,1134,0
1135,1135,1
1136,1136,0
1137,1137,0
1138,1138,0
1139,1139,0
1140,1140,0
1141,1141,0
1142,1142,0
1143,1143,0
1144,1144,1
1145,1145,1
1146,1146,1
1147,1147,1
1148,1148,1
1149,1149,0
1150,1150,1
1151,1151,0
1152,1152,0
1153,1153,0
1154,1154,0
1155,1155,0
1156,1156,1
1157,1157,0
1158,1158,0
1159,1159,0
1160,1160,1
1161,1161,0
1162,1162,1
1163,1163,1
1164,1164,1
1165,1165,1
1166,1166,1
1167,1167,1
1168,1168,0
1169,1169,0
1170,1170,1
1171,1171,0
1172,1172,1
1173,1173,0
1174,1174,0
1175,1175,1
1176,1176,1
1177,1177,0
1178,1178,0
1179,1179,0
1180,1180,1
1181,1181,1
1182,1182,0
1183,1183,0
1184,1184,1
1185,1185,1
1186,1186,0
1187,1187,0
1188,1188,1
1189,1189,1
1190,1190,0
1191,1191,0
1192,1192,1
1193,1193,1
1194,1194,1
1195,1195,1
1196,1196,1
1197,1197,0
1198,1198,1
1199,1199,1
1200,1200,1
1201,1201,1
1202,1202,1
1203,1203,1
1204,1204,0
1205,1205,0
1206,1206,1
1207,1207,1
1208,1208,0
1209,1209,0
1210,1210,0
1211,1211,0
1212,1212,1
1213,1213,1
1214,1214,0
1215,1215,0
1216,1216,0
1217,1217,0
1218,1218,0
1219,1219,0
1220,1220,1
1221,1221,0
1222,1222,0
1223,1223,0
1224,1224,0
1225,1225,0
1226,1226,0
1227,1227,0
1228,1228,0
1229,1229,1
1230,1230,1
1231,1231,1
1232,1232,0
1233,1233,1
1234,1234,1
1235,1235,1
1236,1236,0
1237,1237,1
1238,1238,1
1239,1239,1
1240,1240,0
1241,1241,0
1242,1242,0
1243,1243,0
1244,1244,0
1245,1245,0
1246,1246,0
1247,1247,0
1248,1248,1
1249,1249,1
1250,1250,1
1251,1251,1
1252,1252,0
1253,1253,1
1254,1254,1
1255,1255,0
1256,1256,0
1257,1257,1
1258,1258,1
1259,1259,1
1260,1260,0
1261,1261,1
1262,1262,0
1263,1263,0
1264,1264,1
1265,1265,1
1266,1266,1
1267,1267,1
1268,1268,1
1269,1269,0
1270,1270,0
1271,1271,0
1272,1272,0
1273,1273,1
1274,1274,0
1275,1275,0
1276,1276,0
1277,1277,0
1278,1278,0
1279,1279,1
1280,1280,0
1281,1281,0
1282,1282,0
1283,1283,0
1284,1284,0
1285,1285,0
1286,1286,1
1287,1287,1
1288,1288,0
1289,1289,1
1290,1290,0
1291,1291,0
1292,1292,0
1293,1293,1
1294,1294,0
1295,1295,1
1296,1296,0
1297,1297,1
1298,1298,0
1299,1299,0
1300,1300,1
1301,1301,1
1302,1302,1
1303,1303,0
1304,1304,0
1305,1305,0
1306,1306,1
1307,1307,0
1308,1308,1
1309,1309,0
1310,1310,1
1311,1311,1
1312,1312,0
1313,1313,0
1314,1314,0
1315,1315,0
1316,1316,1
1317,1317,1
1318,1318,1
1319,1319,1
1320,1320,1
1321,1321,1
1322,1322,1
1323,1323,0
1324,1324,1
1325,1325,1
1326,1326,1
1327,1327,1
1328,1328,1
1329,1329,0
1330,1330,1
1331,1331,0
1332,1332,0
1333,1333,0
1334,1334,0
1335,1335,1
1336,1336,0
1337,1337,0
1338,1338,0
1339,1339,1
1340,1340,0
1341,1341,0
1342,1342,0
1343,1343,1
1344,1344,0
1345,1345,1
1346,1346,0
1347,1347,1
1348,1348,0
1349,1349,0
1350,1350,1
1351,1351,0
1352,1352,1
1353,1353,1
1354,1354,0
1355,1355,1
1356,1356,1
1357,1357,0
1358,1358,0
1359,1359,0
1360,1360,1
1361,1361,0
1362,1362,1
1363,1363,0
1364,1364,0
1365,1365,0
1366,1366,1
1367,1367,1
1368,1368,0
1369,1369,0
1370,1370,1
1371,1371,0
1372,1372,1
1373,1373,0
1374,1374,1
1375,1375,1
1376,1376,1
1377,1377,0
1378,1378,1
1379,1379,0
1380,1380,0
1381,1381,0
1382,1382,0
1383,1383,0
1384,1384,0
1385,1385,1
1386,1386,1
1387,1387,1
1388,1388,0
1389,1389,0
1390,1390,0
1391,1391,0
1392,1392,0
1393,1393,0
1394,1394,0
1395,1395,1
1396,1396,1
1397,1397,1
1398,1398,0
1399,1399,1
1400,1400,0
1401,1401,1
1402,1402,0
1403,1403,1
1404,1404,0
1405,1405,0
1406,1406,1
1407,1407,0
1408,1408,0
1409,1409,1
1410,1410,0
1411,1411,0
1412,1412,0
1413,1413,0
1414,1414,0
1415,1415,0
1416,1416,1
1417,1417,1
1418,1418,1
1419,1419,1
1420,1420,1
1421,1421,0
1422,1422,0
1423,1423,1
1424,1424,0
1425,1425,0
1426,1426,1
1427,1427,1
1428,1428,1
1429,1429,0
1430,1430,0
1431,1431,0
1432,1432,1
1433,1433,0
1434,1434,1
1435,1435,1
1436,1436,1
1437,1437,1
1438,1438,1
1439,1439,0
1440,1440,0
1441,1441,1
1442,1442,1
1443,1443,0
1444,1444,1
1445,1445,1
1446,1446,0
1447,1447,1
1448,1448,1
1449,1449,0
1450,1450,1
1451,1451,1
1452,1452,1
1453,1453,0
1454,1454,0
1455,1455,0
1456,1456,0
1457,1457,1
1458,1458,0
1459,1459,1
1460,1460,1
1461,1461,1
1462,1462,1
1463,1463,0
1464,1464,1
1465,1465,1
1466,1466,1
1467,1467,1
1468,1468,0
1469,1469,0
1470,1470,1
1471,1471,1
1472,1472,1
1473,1473,1
1474,1474,1
1475,1475,0
1476,1476,0
1477,1477,1
1478,1478,1
1479,1479,1
1480,1480,0
1481,1481,0
1482,1482,0
1483,1483,0
1484,1484,0
1485,1485,1
1486,1486,0
1487,1487,0
1488,1488,0
1489,1489,1
1490,1490,0
1491,1491,1
1492,1492,1
1493,1493,1
1494,1494,1
1495,1495,0
1496,1496,0
1497,1497,0
1498,1498,1
1499,1499,1
1500,1500,1
1501,1501,1
1502,1502,0
1503,1503,1
1504,1504,1
1505,1505,0
1506,1506,1
1507,1507,0
1508,1508,1
1509,1509,0
1510,1510,1
1511,1511,0
1512,1512,1
1513,1513,1
1514,1514,0
1515,1515,1
1516,1516,1
1517,1517,0
1518,1518,1
1519,1519,0
1520,1520,1
1521,1521,1
1522,1522,1
1523,1523,1
1524,1524,1
1525,1525,0
1526,1526,0
1527,1527,1
1528,1528,1
1529,1529,1
1530,1530,0
1531,1531,0
1532,1532,1
1533,1533,1
1534,1534,1
1535,1535,0
1536,1536,0
1537,1537,1
1538,1538,1
1539,1539,1
1540,1540,0
1541,1541,0
1542,1542,1
1543,1543,1
1544,1544,1
1545,1545,1
1546,1546,0
1547,1547,0
1548,1548,1
1549,1549,1
1550,1550,0
1551,1551,1
1552,1552,0
1553,1553,1
1554,1554,0
1555,1555,1
1556,1556,1
1557,1557,1
1558,1558,1
1559,1559,0
1560,1560,0
1561,1561,1
1562,1562,1
1563,1563,1
1564,1564,1
1565,1565,0
1566,1566,0
1567,1567,0
1568,1568,0
1569,1569,1
1570,1570,1
1571,1571,1
1572,1572,0
1573,1573,1
1574,1574,0
1575,1575,1
1576,1576,1
1577,1577,1
1578,1578,0
1579,1579,1
1580,1580,1
1581,1581,1
1582,1582,1
1583,1583,0
1584,1584,0
1585,1585,0
1586,1586,0
1587,1587,1
1588,1588,0
1589,1589,0
1590,1590,0
1591,1591,0
1592,1592,0
1593,1593,0
1594,1594,0
1595,1595,1
1596,1596,1
1597,1597,1
1598,1598,0
1599,1599,1
1600,1600,1
1601,1601,0
1602,1602,1
1603,1603,1
1604,1604,1
1605,1605,1
1606,1606,1
1607,1607,0
1608,1608,0
1609,1609,1
1610,1610,0
1611,1611,0
1612,1612,0
1613,1613,1
1614,1614,0
1615,1615,1
1616,1616,1
1617,1617,0
1618,1618,0
1619,1619,1
1620,1620,1
1621,1621,1
1622,1622,1
1623,1623,1
1624,1624,0
1625,1625,1
1626,1626,0
1627,1627,0
1628,1628,1
1629,1629,0
1630,1630,0
1631,1631,0
1632,1632,0
1633,1633,0
1634,1634,0
1635,1635,1
1636,1636,1
1637,1637,0
1638,1638,1
1639,1639,0
1640,1640,1
1641,1641,0
1642,1642,0
1643,1643,0
1644,1644,0
1645,1645,0
1646,1646,1
1647,1647,1
1648,1648,0
1649,1649,1
1650,1650,0
1651,1651,0
1652,1652,1
1653,1653,1
1654,1654,0
1655,1655,1
1656,1656,1
1657,1657,0
1658,1658,1
1659,1659,1
1660,1660,0
1661,1661,0
1662,1662,1
1663,1663,1
1664,1664,1
1665,1665,1
1666,1666,1
1667,1667,0
1668,1668,0
1669,1669,1
1670,1670,0
1671,1671,1
1672,1672,0
1673,1673,0
1674,1674,0
1675,1675,1
1676,1676,0
1677,1677,0
1678,1678,1
1679,1679,0
1680,1680,1
1681,1681,0
1682,1682,1
1683,1683,1
1684,1684,1
1685,1685,1
1686,1686,0
1687,1687,0
1688,1688,0
1689,1689,0
1690,1690,0
1691,1691,1
1692,1692,1
1693,1693,0
1694,1694,1
1695,1695,1
1696,1696,0
1697,1697,1
1698,1698,0
1699,1699,1
1700,1700,0
1701,1701,0
1702,1702,0
1703,1703,1
1704,1704,0
1705,1705,0
1706,1706,1
1707,1707,0
1708,1708,0
1709,1709,0
1710,1710,1
1711,1711,1
1712,1712,1
1713,1713,1
1714,1714,0
1715,1715,1
1716,1716,1
1717,1717,1
1718,1718,0
1719,1719,0
1720,1720,0
1721,1721,0
1722,1722,0
1723,1723,1
1724,1724,1
1725,1725,1
1726,1726,1
1727,1727,0
1728,1728,1
1729,1729,1
1730,1730,0
1731,1731,0
1732,1732,0
1733,1733,1
1734,1734,0
1735,1735,1
1736,1736,0
1737,1737,1
1738,1738,0
1739,1739,1
1740,1740,1
1741,1741,0
1742,1742,1
1743,1743,0
1744,1744,0
1745,1745,1
1746,1746,1
1747,1747,1
1748,1748,0
1749,1749,0
1750,1750,0
1751,1751,0
1752,1752,1
1753,1753,0
1754,1754,1
1755,1755,0
1756,1756,0
1757,1757,1
1758,1758,1
1759,1759,0
1760,1760,0
1761,1761,0
1762,1762,1
1763,1763,1
1764,1764,1
1765,1765,0
1766,1766,0
1767,1767,0
1768,1768,1
1769,1769,1
1770,1770,1
1771,1771,0
1772,1772,0
1773,1773,0
1774,1774,0
1775,1775,0
1776,1776,0
1777,1777,0
1778,1778,1
1779,1779,0
1780,1780,0
1781,1781,0
1782,1782,0
1783,1783,0
1784,1784,0
1785,1785,0
1786,1786,1
1787,1787,0
1788,1788,0
1789,1789,1
1790,1790,1
1791,1791,0
1792,1792,1
1793,1793,0
1794,1794,0
1795,1795,1
1796,1796,1
1797,1797,1
1798,1798,0
1799,1799,0
1800,1800,0
1801,1801,1
1802,1802,1
1803,1803,0
1804,1804,1
1805,1805,1
1806,1806,1
1807,1807,1
1808,1808,0
1809,1809,0
1810,1810,0
1811,1811,1
1812,1812,0
1813,1813,1
1814,1814,0
1815,1815,0
1816,1816,0
1817,1817,0
1818,1818,0
1819,1819,0
1820,1820,1
1821,1821,0
1822,1822,1
1823,1823,0
1824,1824,1
1825,1825,1
1826,1826,0
1827,1827,1
1828,1828,0
1829,1829,0
1830,1830,0
1831,1831,0
1832,1832,0
1833,1833,1
1834,1834,1
1835,1835,1
1836,1836,0
1837,1837,0
1838,1838,1
1839,1839,1
1840,1840,0
1841,1841,1
1842,1842,1
1843,1843,0
1844,1844,0
1845,1845,0
1846,1846,1
1847,1847,1
1848,1848,0
1849,1849,1
1850,1850,1
1851,1851,0
1852,1852,0
1853,1853,1
1854,1854,0
1855,1855,1
1856,1856,1
1857,1857,0
1858,1858,0
1859,1859,0
1860,1860,0
1861,1861,1
1862,1862,0
1863,1863,1
1864,1864,1
1865,1865,1
1866,1866,1
1867,1867,0
1868,1868,1
1869,1869,0
1870,1870,0
1871,1871,1
1872,1872,0
1873,1873,0
1874,1874,1
1875,1875,1
1876,1876,0
1877,1877,0
1878,1878,1
1879,1879,1
1880,1880,0
1881,1881,1
1882,1882,0
1883,1883,0
1884,1884,1
1885,1885,1
1886,1886,0
1887,1887,0
1888,1888,1
1889,1889,1
1890,1890,0
1891,1891,1
1892,1892,1
1893,1893,1
1894,1894,1
1895,1895,1
1896,1896,1
1897,1897,1
1898,1898,0
1899,1899,0
1900,1900,1
1901,1901,0
1902,1902,0
1903,1903,1
1904,1904,1
1905,1905,0
1906,1906,1
1907,1907,0
1908,1908,0
1909,1909,0
1910,1910,1
1911,1911,0
1912,1912,1
1913,1913,0
1914,1914,0
1915,1915,0
1916,1916,0
1917,1917,1
1918,1918,0
1919,1919,1
1920,1920,1
1921,1921,1
1922,1922,0
1923,1923,0
1924,1924,0
1925,1925,0
1926,1926,1
1927,1927,1
1928,1928,1
1929,1929,0
1930,1930,0
1931,1931,0
1932,1932,0
1933,1933,1
1934,1934,0
1935,1935,0
1936,1936,0
1937,1937,0
1938,1938,0
1939,1939,0
1940,1940,0
1941,1941,1
1942,1942,1
1943,1943,1
1944,1944,1
1945,1945,1
1946,1946,1
1947,1947,1
1948,1948,1
1949,1949,0
1950,1950,1
1951,1951,1
1952,1952,0
1953,1953,1
1954,1954,0
1955,1955,0
1956,1956,0
1957,1957,1
1958,1958,0
1959,1959,0
1960,1960,1
1961,1961,1
1962,1962,1
1963,1963,0
1964,1964,1
1965,1965,0
1966,1966,0
1967,1967,1
1968,1968,1
1969,1969,1
1970,1970,1
1971,1971,0
1972,1972,0
1973,1973,1
1974,1974,1
1975,1975,0
1976,1976,0
1977,1977,0
1978,1978,1
1979,1979,1
1980,1980,0
1981,1981,0
1982,1982,1
1983,1983,0
1984,1984,1
1985,1985,1
1986,1986,0
1987,1987,0
1988,1988,1
1989,1989,0
1990,1990,0
1991,1991,1
1992,1992,0
1993,1993,0
1994,1994,0
1995,1995,0
1996,1996,1
1997,1997,0
1998,1998,0
1999,1999,0
2000,2000,0
2001,2001,0
2002,2002,1
2003,2003,1
2004,2004,1
2005,2005,1
2006,2006,1
2007,2007,0
2008,2008,1
2009,2009,0
2010,2010,0
2011,2011,0
2012,2012,0
2013,2013,1
2014,2014,1
2015,2015,1
2016,2016,0
2017,2017,1
2018,2018,1
2019,2019,1
2020,2020,1
2021,2021,1
2022,2022,0
2023,2023,1
2024,2024,1
2025,2025,1
2026,2026,0
2027,2027,1
2028,2028,0
2029,2029,1
2030,2030,1
2031,2031,1
2032,2032,0
2033,2033,0
2034,2034,1
2035,2035,0
2036,2036,0
2037,2037,0
2038,2038,0
2039,2039,1
2040,2040,0
2041,2041,0
2042,2042,0
2043,2043,1
2044,2044,0
2045,2045,0
2046,2046,0
2047,2047,1
2048,2048,0
2049,2049,1
2050,2050,1
2051,2051,1
2052,2052,0
2053,2053,1
2054,2054,0
2055,2055,1
2056,2056,1
2057,2057,1
2058,2058,1
2059,2059,0
2060,2060,0
2061,2061,0
2062,2062,1
2063,2063,1
2064,2064,1
2065,2065,0
2066,2066,1
2067,2067,1
2068,2068,0
2069,2069,0
2070,2070,1
2071,2071,0
2072,2072,1
2073,2073,0
2074,2074,1
2075,2075,1
2076,2076,1
2077,2077,1
2078,2078,0
2079,2079,1
2080,2080,1
2081,2081,1
2082,2082,0
2083,2083,1
2084,2084,1
2085,2085,1
2086,2086,1
2087,2087,1
2088,2088,0
2089,2089,0
2090,2090,1
2091,2091,0
2092,2092,1
2093,2093,1
2094,2094,1
2095,2095,0
2096,2096,1
2097,2097,0
2098,2098,0
2099,2099,1
2100,2100,0
2101,2101,1
2102,2102,1
2103,2103,1
2104,2104,0
2105,2105,1
2106,2106,1
2107,2107,1
2108,2108,1
2109,2109,1
2110,2110,1
2111,2111,1
2112,2112,1
2113,2113,1
2114,2114,0
2115,2115,1
2116,2116,1
2117,2117,1
2118,2118,1
2119,2119,1
2120,2120,0
2121,2121,1
2122,2122,1
2123,2123,0
2124,2124,0
2125,2125,1
2126,2126,1
2127,2127,1
2128,2128,0
2129,2129,1
2130,2130,0
2131,2131,0
2132,2132,1
2133,2133,0
2134,2134,0
2135,2135,1
2136,2136,1
2137,2137,0
2138,2138,1
2139,2139,1
2140,2140,0
2141,2141,1
2142,2142,0
2143,2143,0
2144,2144,1
2145,2145,0
2146,2146,1
2147,2147,1
2148,2148,1
2149,2149,0
2150,2150,1
2151,2151,1
2152,2152,1
2153,2153,0
2154,2154,1
2155,2155,0
2156,2156,1
2157,2157,0
2158,2158,1
2159,2159,0
2160,2160,1
2161,2161,0
2162,2162,0
2163,2163,1
2164,2164,1
2165,2165,0
2166,2166,1
2167,2167,0
2168,2168,0
2169,2169,1
2170,2170,1
2171,2171,1
2172,2172,1
2173,2173,1
2174,2174,1
2175,2175,1
2176,2176,1
2177,2177,0
2178,2178,0
2179,2179,0
2180,2180,0
2181,2181,1
2182,2182,1
2183,2183,0
2184,2184,0
2185,2185,1
2186,2186,1
2187,2187,1
2188,2188,1
2189,2189,1
2190,2190,0
2191,2191,1
2192,2192,1
2193,2193,1
2194,2194,1
2195,2195,0
2196,2196,0
2197,2197,1
2198,2198,1
2199,2199,1
2200,2200,1
2201,2201,1
2202,2202,1
2203,2203,1
2204,2204,1
2205,2205,1
2206,2206,1
2207,2207,1
2208,2208,1
2209,2209,1
2210,2210,1
2211,2211,0
2212,2212,1
2213,2213,0
2214,2214,1
2215,2215,1
2216,2216,1
2217,2217,0
2218,2218,1
2219,2219,0
2220,2220,0
2221,2221,1
2222,2222,1
2223,2223,1
2224,2224,1
2225,2225,0
2226,2226,1
2227,2227,1
2228,2228,1
2229,2229,1
2230,2230,0
2231,2231,1
2232,2232,0
2233,2233,1
2234,2234,0
2235,2235,1
2236,2236,0
2237,2237,1
2238,2238,0
2239,2239,1
2240,2240,1
2241,2241,1
2242,2242,0
2243,2243,1
2244,2244,1
2245,2245,1
2246,2246,0
2247,2247,0
2248,2248,0
2249,2249,1
2250,2250,1
2251,2251,1
2252,2252,0
2253,2253,1
2254,2254,0
2255,2255,1
2256,2256,1
2257,2257,1
2258,2258,1
2259,2259,0
2260,2260,0
2261,2261,1
2262,2262,0
2263,2263,1
2264,2264,1
2265,2265,1
2266,2266,0
2267,2267,1
2268,2268,0
2269,2269,1
2270,2270,1
2271,2271,1
2272,2272,0
2273,2273,0
2274,2274,1
2275,2275,0
2276,2276,0
2277,2277,1
2278,2278,0
2279,2279,1
2280,2280,0
2281,2281,1
2282,2282,1
2283,2283,1
2284,2284,0
2285,2285,1
2286,2286,1
2287,2287,1
2288,2288,1
2289,2289,0
2290,2290,1
2291,2291,0
2292,2292,0
2293,2293,0
2294,2294,0
2295,2295,1
2296,2296,1
2297,2297,1
2298,2298,1
2299,2299,0
2300,2300,0
2301,2301,0
2302,2302,0
2303,2303,1
2304,2304,1
2305,2305,1
2306,2306,1
2307,2307,1
2308,2308,1
2309,2309,0
2310,2310,1
2311,2311,0
2312,2312,1
2313,2313,0
2314,2314,1
2315,2315,1
2316,2316,1
2317,2317,0
2318,2318,0
2319,2319,1
2320,2320,1
2321,2321,0
2322,2322,1
2323,2323,0
2324,2324,1
2325,2325,1
2326,2326,1
2327,2327,1
2328,2328,1
2329,2329,0
2330,2330,0
2331,2331,0
2332,2332,1
2333,2333,0
2334,2334,1
2335,2335,0
2336,2336,0
2337,2337,1
2338,2338,1
2339,2339,0
2340,2340,1
2341,2341,1
2342,2342,1
2343,2343,1
2344,2344,0
2345,2345,1
2346,2346,0
2347,2347,1
2348,2348,0
2349,2349,0
2350,2350,0
2351,2351,1
2352,2352,0
2353,2353,0
2354,2354,0
2355,2355,1
2356,2356,1
2357,2357,1
2358,2358,1
2359,2359,0
2360,2360,1
2361,2361,1
2362,2362,0
2363,2363,0
2364,2364,1
2365,2365,0
2366,2366,1
2367,2367,1
2368,2368,0
2369,2369,1
2370,2370,1
2371,2371,0
2372,2372,0
2373,2373,1
2374,2374,1
2375,2375,1
2376,2376,1
2377,2377,1
2378,2378,1
2379,2379,0
2380,2380,1
2381,2381,1
2382,2382,1
2383,2383,1
2384,2384,1
2385,2385,0
2386,2386,0
2387,2387,1
2388,2388,1
2389,2389,0
2390,2390,1
2391,2391,0
2392,2392,1
2393,2393,1
2394,2394,1
2395,2395,0
2396,2396,1
2397,2397,1
2398,2398,0
2399,2399,0
2400,2400,1
2401,2401,1
2402,2402,1
2403,2403,1
2404,2404,1
2405,2405,0
2406,2406,1
2407,2407,1
2408,2408,1
2409,2409,1
2410,2410,1
2411,2411,1
2412,2412,0
2413,2413,0
2414,2414,1
2415,2415,0
2416,2416,0
2417,2417,1
2418,2418,1
2419,2419,1
2420,2420,1
2421,2421,0
2422,2422,0
2423,2423,0
2424,2424,1
2425,2425,1
2426,2426,0
2427,2427,1
2428,2428,1
2429,2429,0
2430,2430,0
2431,2431,0
2432,2432,0
2433,2433,0
2434,2434,0
2435,2435,1
2436,2436,0
2437,2437,1
2438,2438,0
2439,2439,0
2440,2440,0
2441,2441,0
2442,2442,1
2443,2443,1
2444,2444,1
2445,2445,0
2446,2446,0
2447,2447,0
2448,2448,0
2449,2449,1
2450,2450,1
2451,2451,1
2452,2452,1
2453,2453,1
2454,2454,1
2455,2455,1
2456,2456,1
2457,2457,0
2458,2458,0
2459,2459,0
2460,2460,0
2461,2461,1
2462,2462,1
2463,2463,0
2464,2464,1
2465,2465,1
2466,2466,1
2467,2467,1
2468,2468,0
2469,2469,1
2470,2470,1
2471,2471,0
2472,2472,1
2473,2473,1
2474,2474,1
2475,2475,1
2476,2476,1
2477,2477,1
2478,2478,1
2479,2479,1
2480,2480,0
2481,2481,1
2482,2482,0
2483,2483,0
2484,2484,1
2485,2485,0
2486,2486,1
2487,2487,1
2488,2488,1
2489,2489,1
2490,2490,1
2491,2491,1
2492,2492,1
2493,2493,1
2494,2494,0
2495,2495,1
2496,2496,1
2497,2497,1
2498,2498,0
2499,2499,0
2500,2500,0
2501,2501,0
2502,2502,1
2503,2503,0
2504,2504,0
2505,2505,1
2506,2506,0
2507,2507,1
2508,2508,0
2509,2509,0
2510,2510,1
2511,2511,0
2512,2512,1
2513,2513,1
2514,2514,1
2515,2515,0
2516,2516,0
2517,2517,1
2518,2518,1
2519,2519,1
2520,2520,1
2521,2521,0
2522,2522,1
2523,2523,0
2524,2524,0
2525,2525,1
2526,2526,1
2527,2527,1
2528,2528,1
2529,2529,1
2530,2530,1
2531,2531,1
2532,2532,1
2533,2533,1
2534,2534,1
2535,2535,0
2536,2536,1
2537,2537,0
2538,2538,1
2539,2539,1
2540,2540,1
2541,2541,1
2542,2542,1
2543,2543,0
2544,2544,1
2545,2545,1
2546,2546,1
2547,2547,1
2548,2548,1
2549,2549,1
2550,2550,1
2551,2551,0
2552,2552,1
2553,2553,1
2554,2554,1
2555,2555,0
2556,2556,1
2557,2557,1
2558,2558,0
2559,2559,1
2560,2560,0
2561,2561,0
2562,2562,0
2563,2563,0
2564,2564,1
2565,2565,1
2566,2566,1
2567,2567,1
2568,2568,1
2569,2569,1
2570,2570,0
2571,2571,1
2572,2572,1
2573,2573,1
2574,2574,0
2575,2575,0
2576,2576,1
2577,2577,1
2578,2578,1
2579,2579,1
2580,2580,1
2581,2581,1
2582,2582,0
2583,2583,0
2584,2584,1
2585,2585,0
2586,2586,1
2587,2587,0
2588,2588,1
2589,2589,0
2590,2590,0
2591,2591,0
2592,2592,1
2593,2593,0
2594,2594,1
2595,2595,0
2596,2596,0
2597,2597,1
2598,2598,1
2599,2599,1
2600,2600,1
2601,2601,0
2602,2602,0
2603,2603,1
2604,2604,1
2605,2605,1
2606,2606,0
2607,2607,1
2608,2608,1
2609,2609,1
2610,2610,1
2611,2611,1
2612,2612,0
2613,2613,1
2614,2614,1
2615,2615,1
2616,2616,1
2617,2617,1
2618,2618,0
2619,2619,1
2620,2620,0
2621,2621,1
2622,2622,1
2623,2623,1
2624,2624,1
2625,2625,1
2626,2626,0
2627,2627,1
2628,2628,1
2629,2629,1
2630,2630,0
2631,2631,1
2632,2632,0
2633,2633,0
2634,2634,1
2635,2635,1
2636,2636,1
2637,2637,0
2638,2638,1
2639,2639,1
2640,2640,0
2641,2641,0
2642,2642,1
2643,2643,1
2644,2644,1
2645,2645,1
2646,2646,1
2647,2647,0
2648,2648,0
2649,2649,1
2650,2650,1
2651,2651,1
2652,2652,0
2653,2653,1
2654,2654,1
2655,2655,1
2656,2656,0
2657,2657,0
2658,2658,1
2659,2659,1
2660,2660,0
2661,2661,0
2662,2662,1
2663,2663,1
2664,2664,1
2665,2665,1
2666,2666,0
2667,2667,1
2668,2668,0
2669,2669,0
2670,2670,1
2671,2671,1
2672,2672,1
2673,2673,1
2674,2674,1
2675,2675,0
2676,2676,0
2677,2677,0
2678,2678,0
2679,2679,0
2680,2680,0
2681,2681,1
2682,2682,1
2683,2683,1
2684,2684,1
2685,2685,0
2686,2686,1
2687,2687,1
2688,2688,0
2689,2689,0
2690,2690,0
2691,2691,0
2692,2692,1
2693,2693,1
2694,2694,1
2695,2695,0
2696,2696,1
2697,2697,1
2698,2698,0
2699,2699,1
2700,2700,0
2701,2701,1
2702,2702,0
2703,2703,1
2704,2704,1
2705,2705,1
2706,2706,1
2707,2707,1
2708,2708,0
2709,2709,0
2710,2710,1
2711,2711,0
2712,2712,1
2713,2713,1
2714,2714,0
2715,2715,1
2716,2716,0
2717,2717,1
2718,2718,1
2719,2719,0
2720,2720,1
2721,2721,1
2722,2722,0
2723,2723,1
2724,2724,0
2725,2725,1
2726,2726,0
2727,2727,1
2728,2728,1
2729,2729,1
2730,2730,1
2731,2731,1
2732,2732,0
2733,2733,1
2734,2734,0
2735,2735,1
2736,2736,1
2737,2737,0
2738,2738,1
2739,2739,1
2740,2740,1
2741,2741,0
2742,2742,1
2743,2743,0
2744,2744,0
2745,2745,1
2746,2746,0
2747,2747,0
2748,2748,0
2749,2749,1
2750,2750,1
2751,2751,0
2752,2752,0
2753,2753,0
2754,2754,1
2755,2755,1
2756,2756,1
2757,2757,1
2758,2758,1
2759,2759,1
2760,2760,0
2761,2761,1
2762,2762,1
2763,2763,0
2764,2764,1
2765,2765,0
2766,2766,0
2767,2767,1
2768,2768,1
2769,2769,1
2770,2770,1
2771,2771,1
2772,2772,1
2773,2773,1
2774,2774,1
2775,2775,0
2776,2776,0
2777,2777,0
2778,2778,1
2779,2779,0
2780,2780,1
2781,2781,0
2782,2782,0
2783,2783,1
2784,2784,1
2785,2785,1
2786,2786,1
2787,2787,1
2788,2788,1
2789,2789,0
2790,2790,1
2791,2791,0
2792,2792,0
2793,2793,0
2794,2794,1
2795,2795,0
2796,2796,1
2797,2797,1
2798,2798,1
2799,2799,0
2800,2800,1
2801,2801,1
2802,2802,1
2803,2803,1
2804,2804,1
2805,2805,1
2806,2806,1
2807,2807,0
2808,2808,1
2809,2809,1
2810,2810,0
2811,2811,1
2812,2812,0
2813,2813,1
2814,2814,0
2815,2815,0
2816,2816,1
2817,2817,0
2818,2818,0
2819,2819,1
2820,2820,1
2821,2821,0
2822,2822,1
2823,2823,1
2824,2824,1
2825,2825,0
2826,2826,1
2827,2827,0
2828,2828,1
2829,2829,1
2830,2830,1
2831,2831,0
2832,2832,1
2833,2833,1
2834,2834,1
2835,2835,1
2836,2836,1
2837,2837,0
2838,2838,0
2839,2839,0
2840,2840,0
2841,2841,0
2842,2842,1
2843,2843,1
2844,2844,1
2845,2845,1
2846,2846,0
2847,2847,0
2848,2848,1
2849,2849,1
2850,2850,0
2851,2851,1
2852,2852,0
2853,2853,0
2854,2854,1
2855,2855,1
2856,2856,1
2857,2857,1
2858,2858,1
2859,2859,0
2860,2860,1
2861,2861,0
2862,2862,0
2863,2863,0
2864,2864,1
2865,2865,1
2866,2866,1
2867,2867,1
2868,2868,0
2869,2869,0
2870,2870,1
2871,2871,0
2872,2872,0
2873,2873,1
2874,2874,0
2875,2875,1
2876,2876,1
2877,2877,0
2878,2878,1
2879,2879,1
2880,2880,1
2881,2881,1
2882,2882,0
2883,2883,0
2884,2884,1
2885,2885,0
2886,2886,0
2887,2887,0
2888,2888,1
2889,2889,0
2890,2890,0
2891,2891,0
2892,2892,0
2893,2893,1
2894,2894,1
2895,2895,1
2896,2896,0
2897,2897,1
2898,2898,1
2899,2899,1
2900,2900,1
2901,2901,0
2902,2902,1
2903,2903,1
2904,2904,1
2905,2905,1
2906,2906,0
2907,2907,0
2908,2908,1
2909,2909,1
2910,2910,1
2911,2911,0
2912,2912,1
2913,2913,1
2914,2914,1
2915,2915,0
2916,2916,1
2917,2917,1
2918,2918,1
2919,2919,1
2920,2920,1
2921,2921,1
2922,2922,1
2923,2923,1
2924,2924,0
2925,2925,1
2926,2926,0
2927,2927,1
2928,2928,0
2929,2929,0
2930,2930,1
2931,2931,0
2932,2932,1
2933,2933,1
2934,2934,1
2935,2935,1
2936,2936,0
2937,2937,0
2938,2938,0
2939,2939,0
2940,2940,1
2941,2941,1
2942,2942,1
2943,2943,1
2944,2944,0
2945,2945,0
2946,2946,0
2947,2947,1
2948,2948,1
2949,2949,0
2950,2950,1
2951,2951,1
2952,2952,1
2953,2953,1
2954,2954,0
2955,2955,1
2956,2956,1
2957,2957,1
2958,2958,0
2959,2959,1
2960,2960,1
2961,2961,1
2962,2962,1
2963,2963,0
2964,2964,0
2965,2965,1
2966,2966,1
2967,2967,1
2968,2968,0
2969,2969,0
2970,2970,0
2971,2971,1
2972,2972,0
2973,2973,1
2974,2974,0
2975,2975,1
2976,2976,1
2977,2977,0
2978,2978,1
2979,2979,0
2980,2980,1
2981,2981,1
2982,2982,1
2983,2983,1
2984,2984,1
2985,2985,1
2986,2986,1
2987,2987,1
2988,2988,0
2989,2989,1
2990,2990,0
2991,2991,0
2992,2992,0
2993,2993,1
2994,2994,1
2995,2995,1
2996,2996,0
2997,2997,0
2998,2998,0
2999,2999,1
